id,title,author1,author_gender,category,frmt1,frmt2,n,common,rare,ttrall,ttrNN,ttrVB,ttrJJ
SvB_BS_155,Stalker,"Kepler, Lars",2,CRIME,both,both,10000,765,36,208,451,192,476
SvB_BS_156,Gone Girl,"Flynn, Gillian",F,CRIME,pb,sell,10000,778,45,218,516,197,510
SvB_BS_157,Lejontämjaren,"Läckberg, Camilla",F,CRIME,hb,both,10000,778,25,203,466,204,538
SvB_BS_158,VIP-rummet,"Lapidus, Jens",M,CRIME,hb,sell,10000,757,48,234,546,214,471
SvB_BS_161,Sonen,"Nesbø, Jo",M,CRIME,both,sell,10000,769,43,211,503,199,436
SvB_BS_163,Jag heter inte Miriam,"Axelsson, Majgull",F,OTHER,both,sell,10000,773,36,198,479,203,410
SvB_BS_165,De underkända,"Hjorth, Michael",M,CRIME,hb,both,10000,792,25,193,508,180,448
SvB_BS_166,Blå stjärnan,"Guillou, Jan",M,OTHER,hb,sell,10000,696,68,256,559,248,461
SvB_BS_167,Det som inte dödar oss,"Lagercrantz, David",M,CRIME,both,both,10000,748,43,225,568,235,488
SvB_BS_168,Bombmakaren och hans kvinna,"Persson, Leif GW",M,CRIME,hb,both,10000,750,41,191,474,175,374
SvB_BS_169,Britt-Marie var här,"Backman, Fredrik",M,OTHER,both,sell,10000,767,31,162,339,176,387
SvB_BS_170,Mördar-Anders och hans vänner samt en och annan ovän,"Jonasson, Jonas",M,OTHER,both,both,10000,740,42,202,435,218,459
SvB_BS_171,Allt jag inte minns,"Khemiri, Jonas Hassen",M,PRESTIGE,both,sell,10000,795,34,189,502,167,467
SvB_BS_172,STHLM Delete,"Lapidus, Jens",M,CRIME,both,both,10000,751,48,222,543,194,521
SvB_BS_173,Det är något som inte stämmer,"Haag, Martina",F,OTHER,both,both,10000,782,42,199,490,185,443
SvB_BS_174,Playground,"Kepler, Lars",2,CRIME,hb,sell,10000,738,45,226,494,234,469
SvB_BS_175,Järnblod,"Marklund, Liza",F,CRIME,both,both,10000,699,58,259,540,239,558
SvB_BS_176,Arvet efter dig,"Moyes, Jojo",F,OTHER,both,both,10000,805,32,204,472,203,482
SvB_BS_177,Björndansen,"Roslund, Anders",M,CRIME,hb,sell,10000,754,49,206,467,225,360
SvB_BS_178,Liv till varje pris,"Sandberg, Kristina",F,PRESTIGE,hb,sell,10000,739,52,223,580,200,495
SvB_BS_179,Konsten att höra hjärtslag,"Sendker, Jan-Philipp",M,OTHER,pb,sell,10000,782,37,214,474,212,484
SvB_BS_180,Etthundra mil,"Moyes, Jojo",F,OTHER,pb,sell,10000,792,34,194,497,181,450
SvB_BS_181,Sista brevet från din älskade,"Moyes, Jojo",F,OTHER,pb,sell,10000,792,32,209,510,197,493
SvB_BS_182,Visning pågår,"Sarenbrant, Sofie",F,CRIME,pb,sell,10000,768,31,223,538,229,551
SvB_BS_183,Att föda ett barn,"Sandberg, Kristina",F,OTHER,pb,sell,10000,763,44,210,531,199,531
SvB_BS_184,Lotus blues,"Ohlsson, Kristina",F,CRIME,pb,sell,10000,802,17,168,445,164,436
SvB_BS_185,Offer utan ansikte,"Ahnhem, Stefan",M,CRIME,pb,sell,10000,780,32,194,513,177,458
SvB_BS_186,Öppnas i händelse av min död,"Moriarty, Liane",F,OTHER,pb,sell,10000,769,35,202,500,181,503
SvB_BS_187,Stoner,"Williams, John",M,OTHER,pb,sell,10000,745,39,208,431,224,467
SvB_BS_188,I skymningen sjunger koltrasten,"Olsson, Linda",F,OTHER,pb,sell,10000,829,17,169,390,175,423
SvB_BS_189,I maktens skugga,"Sten, Viveca",F,CRIME,pb,sell,10000,743,40,226,546,202,446
SvB_BS_190,Jakthundarna,"Lier Horst, Jørn",M,CRIME,pb,sell,10000,762,36,201,456,190,425
SvB_BS_191,Den stumma flickan,"Hjorth, Michael",M,CRIME,pb,sell,10000,794,24,190,506,180,438
SvB_BS_192,Tre minuter,"Roslund, Anders",M,CRIME,hb,sell,10000,735,42,217,486,246,399
SvB_BS_193,Kaninjägaren,"Kepler, Lars",2,CRIME,both,both,10000,740,42,222,464,233,472
SvB_BS_194,Kan man dö två gånger?,"Persson, Leif GW",M,CRIME,both,both,10000,750,40,190,492,183,400
SvB_BS_195,Äkta amerikanska jeans,"Guillou, Jan",M,OTHER,hb,sell,10000,751,54,211,508,208,364
SvB_BS_196,Simma med de drunknade,"Mytting, Lars",M,OTHER,pb,sell,10000,762,56,220,522,201,492
SvB_BS_197,Ljuset vi inte ser,"Doerr, Anthony",M,OTHER,pb,sell,10000,662,86,277,525,291,455
SvB_BS_198,Avdelning 73,"Sarenbrant, Sofie",F,CRIME,pb,both,10000,775,28,210,519,213,491
SvB_BS_199,Det andra ansiktet,"Jungstedt, Mari",F,CRIME,both,both,10000,769,35,222,490,217,455
SvB_BS_200,Störst av allt,"Persson Giolito, Malin",F,CRIME,both,both,10000,784,44,204,534,175,489
SvB_BS_201,Snövit ska dö,"Neuhaus, Nele",F,CRIME,pb,sell,10000,727,47,244,527,239,532
SvB_BS_202,Glöm mig,"Schulman, Alex",M,OTHER,both,sell,10000,834,21,175,395,189,394
SvB_BS_203,De oroliga,"Ullmann, Linn",F,PRESTIGE,hb,sell,10000,792,37,179,360,172,356
SvB_BS_204,I varje ögonblick är vi fortfarande vid liv,"Malmquist, Tom",M,PRESTIGE,pb,sell,10000,785,50,176,445,159,506
SvB_BS_205,Kvinna inför rätta,"Doughty, Louise",F,CRIME,pb,sell,10000,785,43,214,503,196,495
SvB_BS_206,Tiggaren,"Sarenbrant, Sofie",F,CRIME,both,both,10000,786,24,202,512,208,497
SvB_BS_207,Bakom din rygg,"Sarenbrant, Sofie",F,CRIME,both,both,10000,759,31,218,564,221,521
SvB_BS_208,1968,"Guillou, Jan",M,OTHER,hb,sell,10000,685,76,248,528,229,460
SvB_BS_209,Slutet på sommaren,"Motte, Anders de la",M,CRIME,pb,sell,10000,754,40,224,492,248,431
SvB_BS_210,Arton grader minus,"Ahnhem, Stefan",M,CRIME,pb,sell,10000,774,38,218,567,226,455
SvB_BS_211,Återstoden av dagen,"Ishiguro, Kazuo",M,PRESTIGE,hb,sell,10000,748,41,195,408,215,429
SvB_BS_212,Ett litet liv,"Yanagihara, Hanya",F,PRESTIGE,pb,sell,10000,755,37,211,472,204,526
SvB_BS_213,Hjärtats innersta röst,"Sendker, Jan-Philipp",M,OTHER,pb,sell,10000,802,29,200,469,218,440
SvB_BS_214,Vänd dig inte om,"Alsterdal, Tove",F,CRIME,pb,sell,10000,786,32,211,539,193,513
SvB_BS_215,De kommer att drunkna i sina mödrars tårar,"Anyuru, Johannes",M,PRESTIGE,hb,sell,10000,731,54,230,476,246,576
SvB_BS_216,Björnstad,"Backman, Fredrik",M,OTHER,pb,sell,10000,768,46,193,405,215,388
SvB_BS_244,Min fantastiska väninna,"Ferrante, Elena",F,OTHER,both,sell,10000,788,29,186,454,198,417
SvB_BS_245,Hennes nya namn,"Ferrante, Elena",F,OTHER,hb,sell,10000,803,25,186,487,190,434
SvB_BS_246,Toner i natten,"Moyes, Jojo",F,OTHER,both,both,10000,794,28,198,493,180,498
SvB_BS_247,Kvinnan på tåget,"Hawkins, Paula",F,CRIME,pb,sell,10000,802,25,194,488,178,508
SvB_BS_248,Det lilla bageriet på strandpromenaden,"Colgan, Jenny",F,OTHER,pb,sell,10000,775,36,209,537,197,484
SvB_BS_249,Mannen som sökte sin skugga,"Lagercrantz, David",M,CRIME,hb,both,10000,749,39,214,519,235,537
SvB_BS_250,Begynnelse,"Brown, Dan",M,CRIME,both,sell,10000,693,73,251,503,237,530
SvB_BS_251,Häxan,"Läckberg, Camilla",F,CRIME,both,both,10000,789,25,190,489,191,448
SvB_BS_252,Det förlorade barnet,"Ferrante, Elena",F,PRESTIGE,hb,sell,10000,831,15,166,482,172,404
SvB_BS_253,"Den som stannar, den som går","Ferrante, Elena",F,OTHER,hb,sell,10000,802,21,187,520,181,463
SvB_BS_254,Top Dogg,"Lapidus, Jens",M,CRIME,hb,both,10000,748,51,226,563,195,465
SvB_BS_255,Törst,"Nesbø, Jo",M,CRIME,hb,both,10000,765,38,208,503,191,513
SvB_BS_256,Never let me go,"Ishiguro, Kazuo",M,PRESTIGE,hb,sell,10000,831,22,152,410,157,400
SvB_BS_257,Det förlovade landet,"Jungstedt, Mari",F,CRIME,both,both,10000,738,42,239,509,240,479
SvB_BS_258,Selfies,"Adler-Olsen, Jussi",M,CRIME,hb,both,10000,777,35,211,506,215,483
SvB_BS_259,Sommar på strandpromenaden,"Colgan, Jenny",F,OTHER,pb,sell,10000,769,39,198,503,179,431
SvB_BS_260,Jul i det lilla bageriet på strandpromenaden,"Colgan, Jenny",F,OTHER,pb,sell,10000,762,46,214,536,203,458
SvB_BS_261,Lazarus,"Kepler, Lars",2,CRIME,hb,both,10000,754,34,212,496,201,460
SvB_BS_262,Till minne av en villkorslös kärlek,"Gardell, Jonas",M,OTHER,hb,sell,10000,711,58,234,489,239,445
SvB_BS_263,Bränn alla mina brev,"Schulman, Alex",M,OTHER,both,both,10000,782,34,202,448,203,519
SvB_BS_264,De som dödar drömmar sover aldrig,"Guillou, Jan",M,OTHER,hb,sell,10000,672,65,256,533,235,469
SvB_BS_265,En andra chans,"Moyes, Jojo",F,OTHER,both,both,10000,791,31,201,485,192,494
SvB_BS_266,Ett mörker mitt ibland oss,"Jungstedt, Mari",F,CRIME,both,both,10000,744,40,225,498,212,503
SvB_BS_267,I fel sällskap,"Sten, Viveca",F,CRIME,hb,sell,10000,760,31,212,512,203,480
SvB_BS_268,Syndabocken,"Sarenbrant, Sofie",F,CRIME,both,both,10000,780,33,208,498,201,485
SvB_BS_269,En högre rättvisa,"Hjorth, Michael",M,CRIME,hb,both,10000,794,24,198,489,193,444
SvB_BS_270,De vänsterhäntas förening,"Nesser, Håkan",M,CRIME,both,sell,10000,730,54,228,533,210,458
SvB_BS_271,Tre timmar,"Roslund, Anders",M,CRIME,both,sell,10000,759,40,205,449,234,413
SvB_BS_272,Vardagar,"Lundell, Ulf",M,OTHER,hb,sell,10000,706,71,259,597,197,530
SvB_BS_273,1793,"Natt och Dag, Niklas",M,CRIME,pb,sell,10000,689,68,260,525,286,524
SvB_BS_274,Den lilla bokhandeln runt hörnet,"Colgan, Jenny",F,OTHER,pb,sell,10000,778,38,208,533,191,446
SvB_BS_275,Silvervägen,"Jackson, Stina",F,CRIME,pb,both,10000,754,44,214,488,230,506
SvB_BS_276,Bara ett barn,"Persson Giolito, Malin",F,CRIME,pb,sell,10000,756,38,216,526,205,500
SvB_BS_277,Ensam i Paris och andra historier,"Moyes, Jojo",F,OTHER,pb,sell,10000,797,30,184,438,178,410
SvB_BS_278,Husdjuret,"Grebe, Camilla",F,CRIME,pb,sell,10000,762,38,208,477,215,478
SvB_BS_279,Den tyska flickan,"Correa, Armando Lucas",M,OTHER,pb,sell,10000,786,28,202,442,222,470
SvB_BS_280,Strandcaféet,"Diamond, Lucy",F,OTHER,pb,sell,10000,763,42,223,533,221,518
SvB_BS_281,Kvinnan i fönstret,"Finn, A.J.",M,CRIME,pb,sell,10000,742,55,241,498,248,488
SvB_BS_282,Blodlokan,"Boije af Gennäs, Louise",F,CRIME,pb,sell,10000,777,34,214,510,202,491
SvB_BS_283,Syndafloder,"Ohlsson, Kristina",F,CRIME,pb,both,10000,794,25,192,477,191,476
SvB_BS_284,Höstdåd,"Motte, Anders de la",M,CRIME,pb,sell,10000,721,51,233,493,257,438
SvB_BS_285,Pappas pojke,"Schepp, Emelie",F,CRIME,pb,both,10000,794,16,173,442,159,497
SvB_BS_286,Hon som måste dö,"Lagercrantz, David",M,CRIME,hb,both,10000,754,34,223,547,237,496
SvB_BS_287,En bur av guld,"Läckberg, Camilla",F,CRIME,hb,both,10000,744,39,230,535,232,507
SvB_BS_288,1794,"Natt och Dag, Niklas",M,CRIME,hb,sell,10000,724,63,248,549,278,509
SvB_BS_289,Den andra dödssynden,"Guillou, Jan",M,OTHER,hb,sell,10000,662,79,275,548,285,508
SvB_BS_290,Jag ser dig,"Jungstedt, Mari",F,CRIME,hb,sell,10000,748,43,229,524,223,451
SvB_BS_291,Kniv,"Nesbø, Jo",M,CRIME,hb,sell,10000,761,42,215,513,202,468
SvB_BS_292,Broder Jakob,"Schepp, Emelie",F,CRIME,hb,both,10000,802,21,181,466,173,476
SvB_BS_293,Löparna,"Tokarczuk, Olga",F,PRESTIGE,hb,sell,10000,700,85,288,596,281,550
SvB_BS_294,Bergens stjärnor,"Moyes, Jojo",F,OTHER,hb,sell,10000,744,47,226,512,223,463
SvB_BS_295,Skamvrån,"Sarenbrant, Sofie",F,CRIME,hb,both,10000,771,30,212,527,201,510
SvB_BS_296,Folk med ångest,"Backman, Fredrik",M,OTHER,hb,sell,10000,781,29,178,381,189,348
SvB_BS_297,I hemlighet begravd,"Sten, Viveca",F,CRIME,hb,both,10000,760,28,207,499,197,491
SvB_BS_298,Hundraettåringen som tänkte att han tänkte för mycket,"Jonasson, Jonas",M,OTHER,hb,sell,10000,712,59,229,478,242,463
SvB_BS_299,Jamåhonleva,"Roslund, Anders",M,CRIME,hb,sell,10000,762,37,213,463,238,391
SvB_BS_300,Jag for ner till bror,"Smirniff, Karin",F,PRESTIGE,pb,sell,10000,760,56,225,521,220,543
SvB_BS_301,En helt vanlig familj,"Edvardsson, Mattias",M,CRIME,pb,both,10000,768,32,213,511,231,487
SvB_BS_302,Bokhandeln på Riverside Drive,"Skybäck, Frida",F,OTHER,pb,sell,10000,768,29,207,508,209,494
SvB_BS_303,Tatueraren i Auschwitz,"Morris, Heather",F,OTHER,pb,sell,10000,775,32,190,407,194,425
SvB_BS_304,Sommar på den lilla ön i havet,"Colgan, Jenny",F,OTHER,pb,sell,10000,768,40,214,548,196,466
SvB_BS_305,Det som göms i snö,"Gerhardsen, Carin",F,CRIME,pb,both,10000,774,38,221,525,232,531
SvB_BS_306,Motiv X,"Ahnhem, Stefan",M,CRIME,pb,sell,10000,812,27,192,502,187,461
SvB_BS_307,Arv och miljö,"Hjorth, Vigdis",F,PRESTIGE,pb,sell,10000,811,32,160,393,147,473
SvB_BS_308,På egen hand,"Keyes, Marian",M,OTHER,pb,sell,10000,785,40,210,528,198,516
bstream_001,Alla kan se dig,"Jansson, Anna",F,CRIME,no,strm,10000,754,39,225,518,203,478
bstream_002,"Falleri, fallera, falleralla","Gerhardsen, Carin",F,CRIME,no,strm,10000,742,42,239,518,266,548
bstream_003,Hämnaren,"Buthler, Dan",M,CRIME,no,strm,10000,738,37,214,477,222,444
bstream_004,Vita spår,"Schepp, Emelie",F,CRIME,no,strm,10000,785,21,196,433,204,469
bstream_005,Dominodöden,"Moström, Jonas",M,CRIME,no,strm,10000,722,42,224,508,214,546
bstream_006,Den gränslöse,"Adler-Olsen, Jussi",M,CRIME,no,strm,10000,750,44,228,556,241,503
bstream_007,Skymningsflickan,"Wennstam, Katarina",F,CRIME,no,strm,10000,779,32,206,468,199,467
bstream_008,En mörkare himmel : Gran Canaria,"Jungstedt, Mari",2,CRIME,no,strm,10000,759,31,214,456,212,464
bstream_009,I sanningens namn,"Sten, Viveca",F,CRIME,no,strm,10000,756,32,214,504,193,441
bstream_010,Rädslans fångar,"Jansson, Anna",F,CRIME,no,strm,10000,762,44,219,542,191,509
bstream_011,Kärlek sökes,"Hjulström, Carin",F,OTHER,no,strm,10000,755,43,218,559,195,458
bstream_012,Där inga ögon ser,"Öhrlund, Dag",M,CRIME,no,strm,10000,733,34,222,526,206,439
bstream_013,Motvind,"Buthler, Dan",M,CRIME,no,strm,10000,761,31,209,510,200,450
bstream_014,På sex meters djup,"Rudberg, Denise",F,CRIME,no,strm,10000,758,34,210,516,202,481
bstream_015,Prio ett,"Schepp, Emelie",F,CRIME,no,strm,10000,792,20,193,447,186,475
bstream_016,Svart stjärna - S1E1,"Ersgård, Jesper",M,OTHER,no,strm,10000,750,34,188,417,182,467
bstream_017,Mordbrännaren,"Kant, Johan",M,CRIME,no,strm,10000,723,44,235,538,214,525
bstream_018,Midnattsflickor,"Moström, Jonas",M,CRIME,no,strm,10000,734,42,238,522,223,565
bstream_019,När livet börjar om,"Dillon, Lucy",F,OTHER,no,strm,10000,769,36,208,504,191,502
bstream_020,Välkommen hem,"Schulman, Ninni",F,CRIME,no,strm,10000,776,35,198,553,169,460
bstream_021,Sov du lilla videung,"Börjlind, Rolf",2,CRIME,no,strm,10000,753,40,202,445,205,419
bstream_022,Den hemliga kvinnan,"Ekberg, Anna",F,CRIME,no,strm,10000,810,17,168,410,164,442
bstream_023,Det du inte vet,"Jansson, Anna",F,CRIME,no,strm,10000,768,32,206,515,187,512
bstream_024,Tryggare kan ingen vara,"Öhrlund, Dag",M,CRIME,no,strm,10000,752,23,196,432,192,454
bstream_025,Uppståndelsen,"Buthler, Dan",M,CRIME,no,strm,10000,727,41,221,463,226,437
bstream_026,De sju som såg,"Rudberg, Denise",F,CRIME,no,strm,10000,785,29,193,545,177,426
bstream_027,Trogen intill döden,"Moström, Jonas",M,CRIME,no,strm,10000,725,41,236,549,220,558
bstream_028,Prästens lilla flicka,"Casserfelt, Susan",F,CRIME,no,strm,10000,748,39,209,476,210,494
bstream_029,Den tatuerade cirkeln,"Casserfelt, Susan",F,CRIME,no,strm,10000,735,46,227,486,231,499
bstream_030,Kvinnan på bänken,"Jansson, Anna",F,CRIME,no,strm,10000,756,38,223,516,213,479
bstream_031,Bakom stängda dörrar,"Paris, B.A.",F,CRIME,no,strm,10000,816,18,164,474,166,457
bstream_033,5:e Moseboken,"Larsson, Christina",F,CRIME,no,strm,10000,773,33,188,456,184,485
bstream_034,Nådastöten,"Larsson, Christina",F,CRIME,no,strm,10000,783,29,194,457,201,490
bstream_035,Se till mig som liten är,"Öhrlund, Dag",M,CRIME,no,strm,10000,755,29,215,494,202,498
bstream_036,Domaren,"Öhrlund, Dag",M,CRIME,no,strm,10000,755,30,218,497,207,471
bstream_037,Hämndens pris,"Lewin, Erik",M,CRIME,no,strm,10000,758,32,204,442,206,474
bstream_038,Änglabarnet,"Kant, Johan",M,CRIME,no,strm,10000,705,50,243,518,229,521
bstream_039,Skuggorna ruva,"Moström, Jonas",M,CRIME,no,strm,10000,727,47,235,541,218,576
bstream_040,Ondskans ansikte,"Ahlstedt, Mats",M,CRIME,no,strm,10000,762,38,220,486,206,506
bstream_042,Mitt hjärta är ditt,"Jansson, Anna",F,CRIME,no,strm,10000,763,37,212,535,185,502
bstream_043,Dotter saknad,"Jansson, Anna",F,CRIME,no,strm,10000,746,42,226,542,206,499
bstream_044,Ingen lämnas kvar,"Öhrlund, Dag",M,CRIME,no,strm,10000,771,25,208,529,189,452
bstream_045,Under nio nätter,"Rudberg, Denise",F,CRIME,no,strm,10000,760,36,219,538,212,496
bstream_046,Snödrev,"Tursten, Helene",F,CRIME,no,strm,10000,747,36,212,473,203,442
bstream_047,Offer 2117,"Adler-Olsen, Jussi",M,CRIME,no,strm,10000,771,42,216,481,219,522
bstream_048,Sista färjan från Ystad,"Alfredsson, Karin",F,CRIME,no,strm,10000,738,50,233,568,204,490
bstream_049,Trojanen,"Ahlstedt, Mats",M,CRIME,no,strm,10000,756,31,210,482,205,531
bstream_050,Morden på Mörkö,"Karlsson, Samuel",M,CRIME,no,strm,10000,748,38,203,487,195,430
bstream_051,Allt jag fått lära mig,"Westover, Tara",F,OTHER,no,strm,10000,763,44,207,412,215,496
